rage_1,rage_2,rage_3,rage_4,rage_5,wait_1,wait_2,wait_3,wait_4,diabetes_0,diabetes_1,hla_1,hla_2,hla_3,hla_4
-0.9248,-0.74681,0,0.25157,1.11962,0,0.19494,0.35923,0.72515,0,0.63358,0.20284,0.07945,0,-0.31232
