rage_1,rage_2,rage_3,rage_4,rage_5,wait_1,wait_2,wait_3,wait_4,match_1,match_2,match_3,dage_1,dage_2,dage_3,dage_4,dage_5,hla_1,hla_2,hla_3,hla_4
0.59926,0.05547,0,-0.22508,-0.593,0,-0.27936,-0.56228,0.12898,-0.12951,-0.30066,0,-0.20838,-0.34797,0,-0.16584,0.26716,-0.48192,-0.38607,0,-0.18314
