"organ","tool","factor","year1","year3","year5"
"kidney","graft","unchanged","0.940128489123342","0.890014969834527","0.874132583381941"
"kidney","graft","rage","0.945679825897931","0.899959293318135","0.885418499406415"
"kidney","graft","wait","0.867939471026804","0.765444318424522","0.734469771633044"
"kidney","graft","diabetes","0.957053984629121","0.920496423607944","0.908787153018172"
"kidney","graft","graft","0.925883015867642","0.864734352390309","0.845529447003146"
"kidney","graft","dage","0.895673300794099","0.812257868784776","0.786571617287084"
"kidney","graft","dbmi","0.934373867224955","0.879761347220037","0.862516031081"
"kidney","graft","dhtn","0.951210951934438","0.909919058601369","0.896741273983346"
"kidney","graft","hla","0.92346528483018","0.860477753005293","0.840726018576517"
