rage_1,rage_2,rage_3,rage_4,rage_5,rage_6,rethnic_1,rethnic_2,wait_1,wait_2,wait_3,wait_4,wait_5,diabetes_0,diabetes_1,dage_1,dage_2,dage_3,dage_4,dage_5,dage_6,hla_1,hla_2,hla_3,hla_4,dhtn_1,dhtn_2
-0.56443,-0.0144,0,0.60208,1.18271,1.62701,0,-0.18166,-0.18491,0,0.04909,0.32106,0.69479,0,0.68609,-0.50465,0.15711,-0.12827,0,-0.01357,0.09648,0,0.29717,0.39373,0.26281,0,0.28452
